H 1;Algotex;Cablu panglica axa X;electric;;buc;1;;;;
H 1;Algotex;Cablu panglica cap;electric;;buc;1;;;;
H 1;Algotex;Cartus cerneala pt. cap Xaar;mec;;buc;1;;;;
H 1;Algotex;Curea axa X;mec;;buc;1;;;;
H 1;Algotex;Curea reductor;electric;;buc;3;;;;
H 1;Algotex;Cutie c-da completa(mainboard,driver motoare);electric;;buc;1;;;;
H 1;Algotex;driver cartus;electric;;buc;3;;;;
H 1;Algotex;Encoder axa Y;electric;;buc;1;;;;
H 1;Algotex;Magnet portiera;mec;;buc;1;;;;
H 1;Algotex;Mainboard;electric;;buc;2;;;;
H 1;Algotex;Motor axa X;electric;;buc;1;;;;
H 1;Algotex;Placa electronica de legatura intre placa de cap si mainboard;electric;;buc;2;;;;
H 1;Algotex;Placa LCD;electric;;buc;1;;;;
H 1;Algotex;Sanie axa X;mec;;buc;1;;;;
H 1;Algotex;Sensor origine;electric;;buc;1;;;;
H 1;Algotex;Sursa comutatie;electric;;buc;2;;;;
H 1;Algotex;Tastatura;electric;;buc;1;;;;
A 2;EndCutter;Piatra ascutire cu subansamblu montare;mec;;buc;3;;;;
A 2;EndCutter;Piatra ascutire;mec;;buc;5;;;;
E 9;EndCutter;Piatra ascutire;mec;;buc;5;;;;
E 9;EndCutter;Suport piatra ascutire cu piatra EndCutter;mec;;buc;3;;;;
E 8;Feeder;Role poliamida - bara sustinere material;mec;;buc;2;;;;
F 7;Feeder;Sensor C-Lin E3FJ-DS50C4;electric;E3FJN-DS50C4;buc;2;;;;
M1;FlexiPen;Con fixare hartie fi 40;mec;;buc;1;;;;
M1;FlexiPen;Con fixare hartie fi 32;mec;;buc;8;;;;
M2;FlexiPen;Sensor colectare hartie;electric;;buc;12;;;;
M2;FlexiPen;Sensor debitare hartie;electric;;buc;9;;;;
M1;FlexiPen;Sursa alimentare 36V 4,2 A;electric;;buc;2;;;;
M1;FlexiPen;Sursa alimentare 36V 4 A;electric;;buc;1;;;;
M1;FlexiPen;Sursa alimentare 36V 2,7 A;electric;;buc;4;;;;
M1;FlexiPen;Sursa alimentare 5V 2A;electric;;buc;2;;;;
M2;FlexiPen;Tastatura (foliotastatura);electric;;buc;13;;;;
M2;FlexiPen;Tastatura (foliotastatura) FlexiPen model vechi;electric;;buc;14;;;;
M2;FlexiPen;LCD tastatura FlexiPen;electric;;buc;8;;;;
M2;FlexiPen;LCD tastatura FlexiPen model vechi;electric;;buc;5;;;;
M3;FlexiPen;Senzor home;electric;;buc;36;;;;
M3;FlexiPen;Conector Power;electric;;buc;4;;;;
M3;FlexiPen;conector placa driver motoare;electric;;buc;6;;;;
M3;FlexiPen;Prelungitor USB 200 mm;electric;;buc;3;;;;
M3;FlexiPen;Cablu conector serial RS232;electric;;buc;9;;;;
M3;FlexiPen;Cablu conector USB plus serial RS233;electric;;buc;3;;;;
M3;FlexiPen;Cablu alimentare mainboard model vechi;electric;;buc;4;;;;
M3;FlexiPen;Cablu (panglica) driver motoare;electric;26 fire   150 mm;buc;16;;;;
M3;FlexiPen;Cablu (panglica) mainboard to LCD;electric;26 fire   700 mm;buc;2;;;;
M4;FlexiPen;Cap pentru mina pix;mec;;buc;5;;;;
M4;FlexiPen;Organizator flexibil pentru cabluri;electric;;buc;5;;;;
M4;FlexiPen;Role randalinate;mec;;buc;80;;;;
M4;FlexiPen;Curea translatie axa X cap plotare;mec;;buc;19;;;;
M4;FlexiPen;Curea 76 MXL;mec;;buc;2;;;;
M4;FlexiPen;Curea 120 MXL;mec;;buc;1;;;;
M4;FlexiPen;Curea 72 MXL;mec;;buc;26;;;;
M4;FlexiPen;Curea 73 MXL;mec;;buc;25;;;;
M5;FlexiPen;Cutie comanda motoare 5 V;electric;;buc;1;;;;
M5;FlexiPen;Cutie comanda motoare 220 V;electric;;buc;3;;;;
M5;FlexiPen;Driver MS3540M - N;electric;;buc;1;;;;
M5;FlexiPen;Driver 2MD556-SY;electric;;buc;1;;;;
M5;FlexiPen;Mainboard  / Placa de baza  (model nou);electric;;buc;9;;;;
M5;FlexiPen;Mainboard  / Placa de baza  (model vechi);electric;;buc;4;;;;
M6;FlexiPen;Motor steper 57BYGH048-05A;electric;1.8˚  2.5A;buc;2;;;;
M6;FlexiPen;Motor steper 57BYGH4011-17E;electric;1.8˚  2.5A;buc;2;;;;
M6;FlexiPen;Motor steper 57BHH76-242A-21C;electric;;buc;1;;;;
M6;FlexiPen;Motor steper 23HM4401-03;electric;;buc;1;;;;
M6;FlexiPen;Motor steper 57BYG;electric;;buc;3;;;;
M7;FlexiPen;Banda de teflon;mec;;rola;1;;;;
M7;FlexiPen;role presoare de cauciuc;mec;;buc;36;;;;
M7;FlexiPen;Capac cap scriere;mec;;buc;4;;;;
M7;FlexiPen;Placa motoare (cu SyncMOS);electric;;buc;5;;;;
E 9;Golden las;Servo pack;electric;SGDV-R90A01A;buc;1;YASKAWA;;;
E 4;Golden las;Mini compresor aer  AC0-005;electric;;buc;1;;;;
E 6;Golden las;Patina KB47UU;mec;KB47UU;buc;10;;;;
E 6;Golden las;Rulment  SG20  pentru patina KB47UU;mec;SG20;buc;3;;;;
E 6;Golden las;Patina SGB15NUU;mec;;buc;2;;;;
G10;Golden las;Motor pas cu pas conveyour Laser;electric;;buc;1;;;;
G10;Golden las;Motor pas cu pas cu reductor;electric;FHB31112;buc;2;Motor conveior laser;;;
E 7;Golden las;Sursa Laser 80 W;electric;;buc;3;;;;
G 7;Golden las;Sursa Laser 130 W;electric;;buc;4;;;;
E 4;Golden las;Mini compresor aer AC0-008;electric;;buc;1;;;;
E 8;Golden las;Fulie punte laser fi 64 mm;mec;;buc;7;;;;
F 4;Golden las;Conector Y pentru alimentare apa Chiller;mec;;buc;36;;;;
E 4;Golden las;suport tub laser 130 W  (original);mec;;buc;6;;;;
E 4;Golden las;suport tub laser 80 W  (original);mec;;buc;2;;;;
F 6;Golden las;Curea;mec;HTD 267-3M;buc;1;;;;
F 6;Golden las;Curea;mec;590 - 5M;buc;1;;;;
F 6;Golden las;Curea;mec;S5M 520;buc;2;;;;
F 6;Golden las;Curea;mec;675 - 5M;buc;4;;;;
F 6;Golden las;Curea;mec;420 - 5M;buc;4;;;;
F 6;Golden las;Curea (de fulie mica);mec;AVX 10 x 625;buc;1;;;;
F 6;Golden las;Curea;mec;HTD 695 5M;buc;3;;;;
F 6;Golden las;Curea;mec;638   RPP5;buc;2;;;;
F 6;Golden las;Curea;mec;635 5M;buc;2;;;;
F 6;Golden las;Curea;mec;300 3M;buc;1;;;;
F 6;Golden las;Organizator cabluri flexibil  / Jgheab lant (cap laser);mec;;buc;2;;;;
F 4;Golden las;Limitator capat de cursa (POT si NOT);electric;;buc;10;;;;
G 4;Golden las;Sensor presiune apa chiller;electric;;buc;7;;;;
F 8;Golden las;Cuplaj furtun apa chiller extern;mec;;buc;8;;;;
F 4;Golden las;Miliampermetru;electric;;buc;3;;;;
F 4;Golden las;Sensor origine cap laser;electric;ZYJA12-4NA/R1;buc;13;;;;
G 8;Golden las;Lagar rola ghidare plasa conveyor (model vechi);mec;;buc;6;;;;
G 8;Golden las;Lagar rola ghidare plasa conveyor (model nou);;;buc;4;;;;
G 8;Golden las;Rulment 6204  - lagar rola ghidare plasa conveuor;mec;6204RS;buc;1;;;;
G 6;Golden las;Placa de baza GoldenLaser;electric;;buc;4;;;;
H 6;Golden las;Lentila 25.4 mm DIA x 50.8 FL;;25.4 mm DIA x 50.8 FL;buc;6;;;;
H 6;Golden las;Oglinda  Reflector 25.4 mm DIA x 3 mm THK;;25.4 mm DIA x 3 mm THK;buc;5;;;;
H 6;Golden las;Oglinda  Reflector 20 mm DIA x 3 mm THK;;20 mm DIA x 3 mm THK;buc;1;;;;
H 6;Golden las;Lentila 19.05 mm DIA x 50.8 FL;;19.05 mm DIA x 50.8 FL;buc;5;;;;
H 6;Golden las;Lentila 19.05 mm DIA x 76.2 FL;;19.05 mm DIA x 76.2 FL;buc;5;;;;
E 3;Golden las;Disc focalizare cap laser 50 mm DIA x 8 mm THK;;50 mm DIA x 8 mm THK;buc;2;;;;
E 5;Golden las;Con scurt pt tub 80 W complet (cu cilindru fixare con) pt lent 50;mec;;buc;10;;;;
E 5;Golden las;Con scurt pt tub 80 W pt lentila de 50.8 mm;mec;;buc;5;;;;
E 2;Golden las;Suport fixare oglinda cu tot cu suportul ajustabil al oglinzii;mec;;buc;5;;;;
E 2;Golden las;Suport fixare oglinda;mec;;buc;2;;;;
E 2;Golden las;Cap laser scurt (suport lentila);mec;;buc;2;;;;
E 2;Golden las;Cap laser lung (suport lentila);mec;;buc;2;;;;
E 1;Golden las;Pinioane , roti de curea axe si bucse;mec;;buc;1;;;;
F 5;Golden las;Tastatura laser Golden Laser;electric;;buc;2;;;;
F 5;Golden las;Placa adaptor semnale laser DUO;electric;;buc;2;;;;
F 5;Golden las;Modul sincronizare laser DUO;electric;PTA201203177;buc;2;;;;
F 1;Golden las;Curea punte laser;mec;HTD 5M HT- PAZ;ml;1;(LL XL037);;;;
F 7;Golden las;Releu HONGFA 24 VDC (doua randuri de contacte);electric;HONGFA 24VDC;buc;1;;;;
H 5;Golden las;Conector tub laser (tata);electric;;buc;5;;;;
F 3;Golden las;Conector electric presostat chiller;electric;;buc;23;;;;
F 2;Golden las;Mufe Yaskawa Sigma 5 CN1;electric;;buc;14;;;;
F 2;Golden las;Cablu Yaskawa Sigma 5  pt laser;electric;;buc;6;;;;
F 2;Golden las;Mufe  DB25 Male;electric;;buc;4;;;;
F 2;Golden las;Mufe  DB25 Female;electric;;buc;1;;;;
F 2;Golden las;Mufe  DB15 Male;electric;;buc;1;;;;
F 2;Golden las;Mufe  DB9 Male;electric;;buc;1;;;;
F 4;Golden las;Patron Siguranta RT18-32X  (siguranta 3A -2buc, 1 A-1 buc);electric;Tengen RT18-32X;buc;3;;;;
F 2;Golden las;Mufa alimentare Placa de Baza GoldenLaser (4 pini);electric;;buc;4;;;;
F 2;Golden las;Cablu adaptor USB Ethercat GoldenLaser;electric;;buc;1;;;;
E 2;Golden las;Subansamble montare tambur laser;mec;;buc;1;;;;
F 6;Golden las;Organizator cabluri flexibil  / Jgheab lant (transport punte laser);mec;;buc;1;;;;
F 3;Golden las;Transformator 220  / 24 V , 160 VA;electric;;buc;1;;;;
I 4;PopJet;Sensor origine;electric;;buc;10;;;;
I 4;PopJet;Sensor bara debitare / colectare;electric;PRSW0001;buc;17;;;;
I 4;PopJet;Placa corp conexiuni cartus;electric;;buc;14;;;;
J 4;PopJet;Placa de baza/ Mainboard model DUO;electric;;buc;3;;;;
J 4;PopJet;Placa de baza/ Mainboard model QUAD;electric;;buc;5;;;;
K 4;PopJet;PCB tastatura si indicator LED;electric;;buc;3;;;;
K 4;PopJet;Tastatura;electric;;buc;10;;;;
K 4;PopJet;Placa fixare cartus stanga B;electric;;buc;7;;;;
K 4;PopJet;Placa fixare cartus dreapta A;electric;;buc;7;;;;
I 3;PopJet;Suport cartuse;electric;;buc;4;;;;
I 3;PopJet;Cap cu 2 cartuse;electric;;buc;1;;;;
I 3;PopJet;Cap cu 4 cartuse;electric;;buc;1;;;;
L 3;PopJet;Sursa  24 VDC 2.5A;electric;;buc;8;;;;
L 3;PopJet;Sursa  15 VDC 4A;electric;;buc;8;;;;
I 4;PopJet;Cablu conectare encoder motor axa X cap;electric;;buc;3;;;;
J 3;PopJet;Curea axa x antrenare cap;mec;;buc;9;;;;
J 3;PopJet;Tresa de protectie cablu panglica;mec;;buc;1;;;;
K 3;PopJet;Bloc alimentare 220V;electric;;buc;4;;;;
K 3;PopJet;Motor pas cu pas cu encoder si roata curea;electric;SL16PZ0126B1;buc;2;;;;
K 3;PopJet;Motor pas cu pas 24VDC 3400 rpm;electric;DCM50205-02D-1000;buc;2;;;;
I 2;PopJet;Con fixare hartie;mec;;buc;11;;;;
J 2;PopJet;Curea axa x antrenare cap;mec;PN: 500003A;buc;5;;;;
J 2;PopJet;Intinzator curea cap;mec;;buc;5;;;;
J 2;PopJet;Suport U bara debitare hartie;mec;;buc;5;;;;
J 2;PopJet;Role carucior cap tiparire;mec;;buc;12;;;;
J 2;PopJet;Encoder 1024   - HEDC-5520-B14;mec;1024;buc;5;;;;
K 2;PopJet;Placa motoare Quad 1800;electric;SL18PZ008K38;buc;5;;;;
K 2;PopJet;Placa motoare DUO;electric;;buc;6;;;;
L 2;PopJet;Banda  panglica cap tiparire;electric;;buc;60;;;;
L 2;PopJet;Banda  panglica 700 mm lung;electric;;buc;4;;;;
I 1;PopJet;Motoreductor recuperare hartie;electric;;buc;3;;;;
I 1;PopJet;Motoreductor debitare hartie;electric;;buc;3;;;;
J 9;RichPeace;Ansamblu suport capete;mec;4 capuri;buc;3;;;;
J 9;RichPeace;Ansamblu suport capete;mec;2 capuri;buc;1;;;;
J 9;RichPeace;Con centrare  fixare hartie;mec;;buc;17;;;;
K 9;RichPeace;Sursa comutatie;electric;24V/10A;buc;8;;;;
L 9;RichPeace;Suport U bara colectoare sau debitoare;mec;;buc;39;;;;
I 9;RichPeace;Placa de baza;electric;;buc;10;;;;
J 7;RichPeace;Driver motor pas cu pas;electric;ND556;buc;3;;;;
J 7;RichPeace;Digital AC servodrive;electric;ACS806;buc;3;;;;
J 7;RichPeace;Digital DC Servodriver;electric;MCDC506;buc;1;;;;
I 7;RichPeace;Ansamblu roti curea reductor axa x;mec;;buc;13;;;;
I 7;RichPeace;Suport fixare curea;mec;;buc;8;;;;
K 7;RichPeace;Sensor origine;electric;;buc;18;;;;
K 7;RichPeace;Sensor bara colectoare debitoare;electric;;buc;8;;;;
K 7;RichPeace;Filtru tensiune alimentare;electric;;buc;8;;;;
L 7;RichPeace;Curea axa X;mec;;buc;16;;;;
I 6;RichPeace;Placa comanda motare transport hartie;electric;;buc;13;;;;
L 7;RichPeace;Curea reductor axa x;mec;;buc;24;;;;
J 6;RichPeace;Placa afisor LCD;electric;;buc;12;;;;
K 6;RichPeace;Placa transfer USB/Retea;electric;E305283;buc;12;;;;
K 6;RichPeace;Tastatura;electric;;buc;6;;;;
K 6;RichPeace;Placa transfer panglici cap 2 cartuse;electric;2H26095;buc;1;;;;
K 6;RichPeace;Placa transfer panglici cap 4 cartuse;electric;2H26096;buc;5;;;;
K 6;Richpeace;Placa corp conexiuni cartus;electric;;buc;7;;;;
K 6;Richpeace;Panglica cap scurta;electric;;buc;36;;;;
K 6;Richpeace;Panglica cap lunga;electric;;buc;37;;;;
L 7;Richpeace;Curea STS172-S2M;mec;STS172-S2M;buc;14;;;;
L 7;Richpeace;Curea STS200-S2M;mec;STS172-S2M;buc;10;;;;
L 8;Richpeace;Suprot cartus;mec;;buc;75;;;;
L 6;Richpeace;Intinzator curea;mec;;buc;1;;;;
L 6;RichPeace;Suport rulment linie cu role randalinate;mec;;buc;14;;;;
L 6;RichPeace;Rola presoare din cauciuc;mec;;buc;40;;;;
L 6;Richpeace;Cuplaj antrenare bara hartie (pana);mec;;buc;14;;;;
L 6;Richpeace;Roata curea;mec;fi 25x fi 15 lung 38;buc;2;;;;
L 6;Richpeace;Roata curea;mec;fi19 x 20;buc;2;;;;
L 6;Richpeace;Roata curea;mec;fi 12 x 20;buc;2;;;;
L 6;RichPeace;Role randalinate;me;;buc;16;;;;
L 6;Richpeace;Ansamblu rola presoare;mec;;buc;6;;;;
J 8;RichPeace;Motor axa Y debitare hartie;electric;;buc;8;;;;
J 8;RichPeace;Servomotor axa x translatie cap;electric;;buc;14;;;;
L 5;RichPeace;Motor CC 24VDC debitare (cablu scurt);electric;;buc;10;;;;
L 5;RichPeace;Motor CC 24VDC preluare (cablu lung);electric;;buc;8;;;;
K 6;RichPeace;Banda Panglica cartuse lungime 3m;electric;;buc;42;;;;
L 6;RichPeace;Rola randalinata;mec;;buc;10;;;;
A 6;Span YIN;Sensor optic;electric;HG-M18-R03NO;buc;1;HYA;;;
A 6;Span YIN;Sensor optic;electric;HG3-M18-R01NO;buc;1;HYA;;;
A 6;Span YIN;Sensor pozitionare material;electric;E3Z-LS61;buc;12;OMRON;;;
A 8;Span YIN;Contacutit;mec;61.002.006.0156;buc;7;;;;
A 8;Span YIN;Contacutit(model deosebit);mec;61.002.006.0156;buc;5;;;;
A 8;Span YIN;Cupla elastica;mec;510.080.010.144;buc;1;;;;
A 8;Span YIN;Cuplaj elastic (ϕ18X25);mec;51.002.028.0002;buc;2;;;;
A 8;Span YIN;Curea;mec;53.006.020.0220;buc;4;cele portocalii;;;
A 8;Span YIN;Curea;mec;S5M 500 -latime 18;buc;2;;;;
A 8;Span YIN;Curea;mec;S5M 500 -latime 28;buc;2;;;;
A 8;Span YIN;Curea;mec;S5M 390;buc;2;;;;
A 8;Span YIN;Curea (638XL10);mec;51.016.001.0085;buc;2;;;;
A 8;Span YIN;Curea (LL XL037);mec;51.016.005.0001;lung;10.5;metri;;;
A 8;Span YIN;Cutit;mec;R CH 141;buc;3;;;;
A 8;Span YIN;Electromagnet ascutire;electric;;buc;1;;;;
A 8;Span YIN;Element OL Nr 1;mec;;buc;6;;;;
A 8;Span YIN;Element OL Nr 2;mec;;buc;3;;;;
A 8;Span YIN;Ghidaj Al(suport contracutit);mec;54.009.010.0390;buc;10;;;;
A 8;Span YIN;Piatra ascutire;mec;610.020.050.009;buc;5;;;;
A 8;Span YIN;Placa OL;mec;53.009.010.0382;buc;1;;;;
A 8;Span YIN;Reflector catadioptru;optic;;buc;3;;;;
A 8;Span YIN;Reflector catadioptru autocolant;optic;;buc;17;;;;
A 8;Span YIN;Releu;electric;G2R-1 (24v dc);buc;10;OMRON;;;
A 8;Span YIN;Roata curea danturata (ϕ48);mec;SO.14.64.X;buc;1;;;;
A 8;Span YIN;Roata curea danturata (ϕ62);mec;53.001.010.0250;buc;1;;;;
A 8;Span YIN;Roata curea danturata (ϕ70);mec;;buc;1;;;;
A 8;Span YIN;Roata curea danturata (ϕ85);mec;;buc;2;;;;
A 8;Span YIN;Roata curea danturata din plastic (ϕ35);mec;SO.14.05X;buc;1;;;;
A 8;Span YIN;Roata curea danturata ϕ115;mec;SQ14.60X;buc;1;;;;
A 8;Span YIN;Roata danturata pt encoder;mec;;buc;1;;;;
A 8;Span YIN;Role plastic;mec;53.009.010.0011;buc;10;;;;
A 8;Span YIN;Suport prindere senzor baza material;mec;;buc;1;;;;
A 2;Span YIN;Curea encoder;mec;;m;18;;;;
A 2;Span YIN;Curea optibelt 1050 5M;mec;1050 5M;buc;2;;;;
A 2;Span YIN;Capac cutit;mec;SD04-10b;buc;1;;;;
A 2;Span YIN;Motor actuator cuva;;JC35D-2-12-24-160-335-4S-H-G;;1;Jiecang;;;
A 2;Span YIN;Actuator;electric;LAM1-1-150-24;buc;2;;;;
A 2;Span YIN;Sensor optic;electric;TL-N10ME1;buc;2;OMRON pt origine;;;
A 2;Span YIN;Flansa prindere cutit;mec;;buc;2;;;;
A 2;Span YIN;Suport electromagnet piatra ascutire;mec;SO.09.35;buc;1;;;;
A 2;Span YIN;Ansamblu tija cu capat surub + bucsa;mec;SO.02.04/SO.02.05;buc;1;;;;
A 2;Span YIN;Stift  fi 10.5 mm cu filet interior de 4 mm;mec;SO.0948X;buc;1;;;;
A 2;Span YIN;Brida OL;mec;SO.09-70-3;buc;7;;;;
A 2;Span YIN;Arc  fi 12 mm;mec;;buc;4;;;;
A 2;Span YIN;Curea;mec;ϕ5 X 350;buc;3;la valturi;;;
B 3;Span YIN;Rulment;mec;696 ZZ;buc;8;;;;
B 6;Span YIN;AC servomotor;electric;APM-SC08ADK-52;buc;1;;;;
B 6;Span YIN;Afisaj;electric;MT6070iH;buc;1;WEINVIEW;;;
B 6;Span YIN;Catadioptru (reflector);electric;;buc;3;;;;
E 8;Span YIN;Cheie selector contact electric;electric;ABB M2SSK1-101;buc;1;;;;
B 6;Span YIN;Condesator pornire motor 4uF;electric;4 uF;buc;1;;;;
B 6;Span YIN;Curea danturata pt. encoder;mec;;lung;0.550;metri;;;
B 6;Span YIN;Driver motor pas cu pas;electric;YKA2608MD;buc;1;YAKO;;;
B 6;Span YIN;Encoder;electric;ACT38/6-2500BZ-8-30CG2`;buc;2;;;;
B 6;Span YIN;Flansa OL motor;mec;530.090.101.290;buc;1;;;;
B 6;Span YIN;Flansa OL motor   (63mm latura);mec;530.090.101.290;buc;1;;;;
B 6;Span YIN;Motor;electric;NR030080;buc;1;urcare/coborire punte;;;
B 6;Span YIN;Motor;electric;M5RK40GN-C;buc;1;deplasare punte stinga/dreapta;;;
B 6;Span YIN;Motor;electric;40ZYN073;buc;1;curea intindere material;;;
B 6;Span YIN;Motor;electric;50ZYT02N2426-2;buc;1;antrenare valt cu spirala;;;
B 6;Span YIN;Motor pas cu pas;electric;STP-59D50 46;buc;1;deplasare cutit stinga/drepta;;;
B 6;Span YIN;PLC Omron;electric;CP1L-M60DT;buc;1;;;;
C 9;Span YIN;Conector electric cu perii;electric;;buc;3;;;;
D10;Span YIN;Piston electro-mecanic;mec;LAM1-1-1-150-24;buc;1;ridicare cuva;;;
D 5;Span YIN;Contactor;electric;CDS36-2L;buc;1;DELIXI pt. pompe masa spanuit;;;
D 7;Span YIN;Curea;mec;S5M 475;buc;2;;;;
D 7;Span YIN;Curea;mec;S8M 19521;buc;3;;;;
D 7;Span YIN;Curea;mec;HTD5M-30-4530;buc;2;2X 4.5 metri;;;
E 9;Span YIN;Actuator;electric;LAM1-1-150-24;buc;2;;;;
E 9;Span YIN;Actuator;electric;JC35D-2-12-24-160-335-4S-H-G;buc;1;;;;
E 9;Span YIN;Aparatoare motor coborire cutit;mec;;buc;1;;;;
E 9;Span YIN;Arc;mec;53.001.010.0710;buc;4;;;;
E 9;Span YIN;Brida OL;mec;53.009.010.0883;buc;7;;;;
E 9;Span YIN;Curea;mec;ϕ5 X 350;buc;3;la valturi;;;
E 9;Span YIN;Curea danturata pt. encoder;mec;;lung;9;metri;;;
E 9;Span YIN;Curea motor;mec;M5 1050;buc;2;;;;
E 9;Span YIN;Flansa bronz prindere cutit;mec;;buc;2;;;;
E 9;Span YIN;Sensor optic;electric;TL-N10ME1;buc;1;OMRON pt origine;;;
E 9;Span YIN;Suport Al electromagnet actionare piatra ascutire;mec;SO.09.35;buc;1;;;;
A 2;Span YIN;Sensor optic;electric;HG2-M18-R03N0;buc;1;;;;
A 2;Span YIN;PTC   RL30- 250;electric;RL 30 - 250;buc;2;;;;
A 2;Span YIN;Contactor ABB A9D-30-10;electric;A9D-30-10;buc;1;ABB;;;
A 2;Span YIN;Rezistor de putere 30 W 10 Ohm;electric;30 W 10 Ohm;buc;1;;;;
A 2;Span YIN;Perie alimentare el cutit (perie cilindrica);electric;610.020.050.005;buc;2;;;;
A 2;Span YIN;Surub spanuitor SD09-39-2;mec;SD09-39-2;buc;2;;;;
A 2;Span YIN;Arc pt electromagnet ascutire cutit;mec;;buc;4;;;;
A 2;Span YIN;Intinzator de curea;mec;fi 35 x 37 lung;buc;1;;;;
C 6;Tetas;Ansamblu bara deplasare (joystick);mec;;buc;1;;;;
C 6;Tetas;Ansamblu tija prindere piatra de ascutire;electric;;buc;1;;;;
C 6;Tetas;Arc maneta spanuitor;mec;;buc;3;;;;
C 6;Tetas;Contracutit;mec;;buc;8;model vechi;;;
C 6;Tetas;Contracutit;mec;;buc;11;model nou;;;
C 6;Tetas;Cutit;mec;BOM100;buc;2;;;;
C 6;Tetas;Cutit EndCutter;mec;;buc;2;;;;
C 6;Tetas;Encoder;electric;S48-8-0500ZT;buc;1;;;;
C 6;Tetas;Encoder;electric;S48-8-0100ZT;buc;1;;;;
C 6;Tetas;Inverter;electric;LS IG5A;buc;1;;;;
C 6;Tetas;Perii cilindrice motor ascutire;electric;fi 6 x 20 mm;buc;14;placa port cutit;;;
C 6;Tetas;Perii dreptunghiulare motor ascutire;electric;8x10x20;buc;6;motor;;;
C 6;Tetas;Piatra ascutire;mec;;buc;12;;;;
C 6;Tetas;Piatra ascutire cu brat;mec;;buc;1;;;;
C 6;Tetas;Potentiometru;electric;10 kOhm;buc;5;;;;
C 6;Tetas;Releu;electric;G2R-1;buc;2;;;;
C 6;Tetas;Rola carucior;mec;fi 40 x 32 mm;buc;3;;;;
C 6;Tetas;Rola carucior (de sus);mec;fi 28 x 15 mm;buc;13;;;;
C 6;Tetas;Sensor home;electric;DW-AD-623-M12-120;buc;2;CONTRINEX;;;
C 6;Tetas;Sensor margine;electric;PRK 3B/66.1-S8;buc;6;Leuze electronic;;;
C 6;Tetas;Sina de Cu;electric;latime 12 mm;buc;4;;;;
C 6;Tetas;suport contracutit model vechi;electric;;buc;2;;;;
C 6;Tetas;Suport perii alimentare placa port cutit;electric;fi 40 x 32 mm;buc;1;;;;
C 6;Tetas;Surub miscare cuva;mec;;buc;1;;;;
E 8;Tetas;Convertizor;electric;ACS355-01E-07A5-2;buc;1;ABB;;;
B 9;YIN;Adaptor pneumatic;mec;ϕ8 -> 2 X ϕ6;buc;1;;;;
B 9;YIN;Adaptor soc absorber;mec;OP-010SB;buc;5;cu cel de deasupra la ascutire;;;
B 9;YIN;Amortizor;mec;FA-0805SB1-S;buc;1;;;;
B 9;YIN;Amortizor tren rulare cap;mec;SMC RBC 1006;buc;11;;;;
B 9;YIN;Ansamblu detentor, filtru,electroventil,manometru;mec;;buc;1;;;;
B 2;YIN;Arc placa sustinere placa presare;mec;;buc;12;;;;
D 8;YIN;Arcuri presa drill;mec;ϕ13 X 150;buc;17;;;;
D 8;YIN;Arcuri presa drill;mec;NG08-03-03;buc;10;;;;
D 8;YIN;Ax excentric axa C;mec;ϕ50x125;buc;4;;;;
D 8;YIN;Ax excentric axa C;mec;ϕ47;buc;4;;;;
A 5;YIN;Ax interior rulment ace titan;mec;;buc;33;;;;
B 8;YIN;Ax piatra ascutire  cutter 7;mec;NF08-04-06;buc;4;;;;
D 8;YIN;Ax piatra ascutire cutter 5;mec;ϕ25 / lung 75;buc;4;;;;
D 8;YIN;Ax roata curea antivibratie;mec;ϕ40X34;buc;1;;;;
D 8;YIN;Ax roata curea antivibratie;mec;ϕ40X62;buc;1;;;;
D 9;YIN;Banda alba textila lateral conveior;mec;60X2500;buc;1;;;;
D 9;YIN;Banda autoadeziva burete;mec;4 m;buc;3;;;;
B 9;YIN;Banda magnetica pt. sensori pe pistoane pneumatice;mec;BMA2-025;buc;5;;;;
B 9;YIN;Banda magnetica pt. sensori pe pistoane pneumatice;mec;BMA2-032;buc;2;;;;
A 5;YIN;Biela titan;mec;;buc;8;;;;
A 1;YIN;Brat basculare valva reducere vacumare;mec;;buc;3;;;;
B 5;YIN;Bucsa alama culisare tije platou;mec;ϕ 12X15;buc;4;;;;
A 1;YIN;Bucsa valva reducere vacumare;mec;;buc;6;;;;
B 2;YIN;Burghiu drill;mec;lung 240 mm;buc;14;;;;
B 2;YIN;Burghiu drill;mec;lung 500 mm;buc;25;;;;
C 8;YIN;Buton Avarie cu led;electric;AR22V2L;buc;9;;;;
C 8;YIN;Buton Avarie fara led;electric;LAY37(PBC);buc;1;;;;
C 8;YIN;Buton Avarie fara led;electric;LAS0;buc;5;ONPOW;;;
C 8;YIN;Buton Avarie Schneider;electric;XB4 BS8442;buc;2;;;;
B 7;YIN;Buton comanda transport cutter pe sine;electric;;buc;1;;;;
C 8;YIN;Buton metalic CUTTING;electric;LAS 1 series;buc;10;ONPOW;;;
C 8;YIN;Buton metalic SHIFT;electric;LAS 1 series;buc;4;ONPOW;;;
C 8;YIN;Buton metalic START;electric;LAS 1 series;buc;5;ONPOW;;;
C 8;YIN;Buton metalic STOP;electric;LAS 1 series;buc;2;ONPOW;;;
C 8;YIN;Buton metalic Δ;electric;LAS 1 series;buc;10;ONPOW;;;
A 7;YIN;Cablu panglica;electric;50X28AWG;rola;2;YIN PC->placa transfer;;;
B 8;YIN;Carcasa OL piesa alunecare CH08-02-07;mec;ϕ 35 x 60;buc;2;5 cm;;;
B 8;YIN;Carcasa OL piesa alunecare: NF08-02-07;mec;ϕ 45x75;buc;4;7 cm;;;
D 8;YIN;Carcasa rulment excentric axa C;mec;ϕ80;buc;1;;;;
D 8;YIN;Carcasa rulment excentric axa C;mec;ϕ86;buc;2;;;;
A 1;YIN;Carcasa valva fluture reducere vacumare;mec;;buc;3;;;;
C 8;YIN;Clema sir legatura electrica 100A;electric;;buc;1;;;;
B 9;YIN;Colier sensor cilindru ascutire;mec;BJ2-016;buc;8;;;;
B 9;YIN;Conector aer prelungitor 12 mm;mec;;buc;4;furtun 12;;;
B 9;YIN;Conector cilindru aer 90 grd;mec;;buc;6;furtun ϕ4;;;
B 9;YIN;Conector pneumatic;mec;JA15-6-100;buc;10;conector piston drill;;;
B 9;YIN;Conector pneumatic fi 6 x 4 mm;mec;;buc;15;;;;
D10;YIN;Contactor trifazic ABB;electric;AS12-30-10-25;buc;1;ABB;;;
H10;YIN;Convertizor;electric;CIMR-JB2A0004BAA;buc;2;J1000 YASKAWA;;;
H10;YIN;Convertizor;electric;CIMR-JB2A0002BAA;buc;2;J1000 YASKAWA;;;
B 9;YIN;Cupla aer (conector aer);mec;ϕ12;buc;3;furtun ϕ4;;;
B 9;YIN;Cupla aer (conector aer);mec;ϕ8;buc;4;;;;
B 9;YIN;Cuplaj cilindru;mec;Y-020B-CM9Z-20;buc;3;;;;
D 8;YIN;Cuplaj elastic cilindru ridicare cap;mec;JA30-10-125;buc;2;;;;
B 8;YIN;Cuplaj piesa titan;mec;CH08-01-17;buc;2;;;;
D 5;YIN;Curea antivibratie cap;mec;B100DS5M550;buc;21;;;;
D 5;YIN;Curea ascutire;mec;ϕ3 X355;buc;31;;;;
D 5;YIN;Curea ascutire;mec;ϕ3X290;buc;17;;;;
D 5;YIN;Curea ascutire;mec;ϕ3X130;buc;25;;;;
D 5;YIN;Curea ascutire;mec;ϕ3X390;buc;12;;;;
D 5;YIN;Curea ascutire;mec;ϕ3X363;buc;6;;;;
D 5;YIN;Curea motor ascutire;mec;ϕ3 X 240;buc;9;;;;
D 5;YIN;Curea oscilatie (axaC);mec;90-J-3     7,5X220;buc;17;;;;
B 7;YIN;Curea reductor axa X;mec;STS S5M 475;buc;1;;;;
B 7;YIN;Curea reductor axa X;mec;STD 560 S8M;buc;1;;;;
B 7;YIN;Curea tractiune X;mec;HTP8M/60X5.8;buc;2;;;;
D 9;YIN;Curea turbina vacumare;mec;SPZ1400LW;buc;20;;;;
B 4;YIN;Cutit;mec;;buc;180;11 cm;;;
C 4;YIN;Cutit;mec;CH08-02-25W1.6;buc;220;5cm;;;
C 4;YIN;Cutit;mec;CH08-02-25W2.5H3(1);buc;150;7J;;;
D 4;YIN;Cutit;mec;CH08-02-25W2H3(1);buc;200;7cm;;;
C 5;YIN;Distantiere spate axa C (2 parti) cu umar;mec;;buc;48;;;;
C 5;YIN;Distantiere spate axa C (2 parti) plata;mec;;buc;43;;;;
E 9;YIN;Driver motor pas cu pas trifazic;electric;YKB3722MA;buc;5;YAKO driver plasa laser;;;
B 9;YIN;Electroventil;electric;SY3120-5MZE-C4;buc;8;;;;
B 9;YIN;Electroventil;electric;VQZ115-5M1-C6-PR;buc;7;;;;
B 9;YIN;Electroventil;electric;SY3120-5MZE-C6;buc;9;;;;
D 8;YIN;Flansa motor axa C cutter 11cm;mec;;buc;1;cutter 11;;;
D 8;YIN;Flansa rulment axa C;mec;ϕ80;buc;4;;;;
D 8;YIN;Flansa rulment axa C;mec;ϕ86;buc;4;;;;
A 5;YIN;Furca titan;mec;;buc;5;;;;
B 2;YIN;Ghidaj 20 mm lung 460 mm;mec;;buc;2;;;;
D 3;YIN;Girofar  230 V;electric;230 V;buc;1;;;;
A 7;YIN;Grila ventilator;electric;;buc;3;ptr capac YIN;;;
B 5;YIN;Inel blocaj coborire drill;mec;ϕ20,ϕ10;buc;4;;;;
A 5;YIN;Inel distantier titan;mec;;buc;8;;;;
D 8;YIN;Intinzator curea antivibratie;mec;78 mm lung;buc;3;;;;
D 8;YIN;Intinzator lant recuperator vacum;mec;ϕ40 ax diam 10 mm;buc;1;;;;
A 5;YIN;Manivela titan lunga;mec;lung 52 mm;buc;11;;;;
A 5;YIN;Manivela titan scurta;mec;lung 50 mm;buc;3;;;;
B 9;YIN;Manometru 0.4 Mpa;mec;;buc;2;alim aer cutter Yin;;;
B 9;YIN;Manometru 0.7 Mpa;mec;;buc;2;alim aer cutter Yin;;;
B 9;YIN;Manometru -100 mmHg vacuum;mec;;buc;2;vacuum Yin;;;
A 6;YIN;Marker laser;electric;LT-M6501-SFL/+;buc;4;;;;
B10;YIN;Motor;electric;R88M-G10030H-S2-Z;buc;1;OMRON;Toone;;
A 9;YIN;Motor cu reductor axa X;electric;SGMAH-08AAAHB61 : HPG-32A-11-J601A-SP;buc;1;YASKAWA;;;
C 2;YIN;Motor Drill 48 V;electric;;buc;1;;;;
C 8;YIN;Mufa cablu panglica;electric;SKT 80P 1.27;buc;4;IDC;;;
C 8;YIN;Mufa cablu panglica;electric;50P 1.27;buc;1;IDC;;;
C 8;YIN;Mufa cablu panglica;electric;40P 1.27;buc;8;IDC;;;
B 9;YIN;Nuca cilindru ascutire;mec;SI 5T/K;buc;6;conector cilindru ascutire;;;
A 1;YIN;Paleta valva reducere vacumare;mec;;buc;3;;;;
C 5;Yin;patina cap pt. 7j si 11;mec;H20FN 170120-02288;buc;4;;;;
D 5;YIN;Perie neagra (masa croire);mec;;buc;5;;;;
B 7;YIN;Pieptene;mec;;buc;13;;;;
D 4;YIN;Piesa Al cap  (pt 6201Z);mec;ϕ 32;buc;10;5cm, 7cm;;;
D 4;YIN;Piesa Al cap  (pt 6202Z);mec;ϕ 35;buc;6;7J, 11cm;;;
C 5;YIN;Piesa alunecare cutit;mec;16X16X47 mm;buc;4;7J;;;
C 5;YIN;Piesa alunecare cutit;mec;20x20x50;buc;8;11 cm;;;
C 6;YIN;Piesa alunecare cutit;mec;16X16X35mm;buc;4;7 cm, 5cm;;;
C 5;YIN;Piesa metalica inferioara piesa alunecare;mec;;buc;6;7cm, 5cm;;;
C 5;YIN;Piesa metalica inferioara piesa alunecare;mec;;buc;6;7cm, 5cm;;;
C 5;YIN;Piesa metalica inferioara piesa alunecare;mec;;buc;2;11;;;
C 5;YIN;Piesa metalica inferioara piesa alunecare;mec;;buc;2;11;;;
A 4;YIN;Pietre ascutire ϕ30 X 100;mec;CH08-04-12H3(2)/CH08-04-11H3(2);buc;11;7cm,7J;;;
B 4;YIN;Pietre ascutire ϕ30 X 75;mec;;buc;4;5 cm;;;
A 4;YIN;Pietre ascutire ϕ35x138;mec;;buc;4;11 cm;;;
D 8;YIN;Pin blocaj;mec;CH08-04-17;buc;4;;;;
D 8;YIN;Pin blocaj;mec;NG08-04-04;buc;2;Pin fixare piston ascutire;;;
B 5;YIN;Pin blocaj pietre ascutire;mec;ϕ4 x 18;buc;5;;;;
D 8;YIN;Pin suport (ax montare pisa de titan) 7,7J;mec;NF08-01-10;buc;2;ax montare piesa de titan 7,7J;
B 8;YIN;Pinion axa Z;mec;ϕ92;buc;5;cutter de 5;;;
B 8;YIN;Pinion axa Z;mec;ϕ136;buc;9;;;;
B 8;YIN;Pinion lant;mec;ϕ100;buc;2;;;;
D 8;YIN;Pinion lant recuperare vacum;mec;ϕ40;buc;10;;;;
B 8;YIN;Pinion mic conveior masa taiere;mec;15 dinti/ϕ85;buc;1;;;;
B 8;YIN;Pinion motor axa Z;mec;ϕ20x16;buc;3;11 cm;;;
B 8;YIN;Pinion motor axa Z;mec;ϕ20x10;buc;7;7 cm;;;
B 8;YIN;Pinion motor axa Z;mec;ϕ17x10;buc;6;5 cm;;;
B 9;YIN;Piston pneumatic;mec;CDJP2B16-5D;buc;4;piston blocare platou;;;
B 9;YIN;Piston pneumatic;mec;CDJ2D16-20-B;buc;8;piston pietre ascutire;;;
B 9;YIN;Piston pneumatic;mec;CDUK20-70D;buc;2;;;;
B 9;YIN;Piston pneumatic;mec;CDU20-80D-(CU0D46);buc;1;;;;
B 9;YIN;Piston pneumatic;mec;CDUK20-100D;buc;2;;;;
B 9;YIN;Piston pneumatic;mec;CDG1BN25-140;buc;3;;;;
B 9;YIN;Piston pneumatic;mec;CDG1BN32-150Z;buc;1;;;;
B 9;YIN;Piston pneumatic;mec;CDG1BN32-200;buc;1;;;;
B 9;YIN;Piston pneumatic;mec;CM2E20-50;buc;4;valva vacuum;;;
B 9;YIN;Piston pneumatic;mec;CDU20-80D-A93L;buc;1;;;;
B 9;YIN;Piston pneumatic;mec;CDQS820-1100CM;buc;2;;;;
B 9;YIN;Piston pneumatic;mec;CDG1BN25-110;buc;3;piston ridicare cap;;;
D 8;YIN;Placa OL prindere motor axa C;mec;90x130;buc;3;;;;
C 8;YIN;Placa PCI;electric;AS-FPGAPC2A-01;buc;2;;;;
D 7;Yin;Placa suport ansamblu cap 11;mec;490x300;buc;1;;;;
B 7;YIN;Placa suport ansamblu cap 5;mec;175x175;buc;2;;;;
B 7;YIN;Placa suport ansamblu cap 7;mec;210x175;buc;2;;;;
B 7;YIN;Placa suport ansamblu cap 7J;mec;330x240;buc;2;5 cm;;;
A 7;YIN;Placa transfer;electric;;buc;4;;;;
A 5;YIN;Platou presare cutit;mec;ϕ135;buc;1;;;;
A 5;YIN;Platou presare cutit;mec;ϕ100;buc;1;;;;
B 9;YIN;Prelungitor furtun aer;mec;ϕ6;buc;1;;;;
B 5;YIN;Reazem inferior cutit: 17x25x12;mec;CH08-02-23;buc;5;5J;;;
B 5;YIN;Reazem inferior cutit: 17x25x12 / fanta ingusta;mec;17x25x12 / fanta ingusta;buc;6;5cm;;;
B 5;YIN;Reazem inferior cutit: 17x25x18;mec;17x25x18;buc;11;7J, 11cm;;;
B 5;YIN;Reazem inferior cutit: 17x25x18/fanta 2 mm;mec;CH08-02-23W2.5;buc;7;7cm;;;
B 5;YIN;Reazem superior cutit: 20x19x19;mec;CH08-02-18;buc;9;5,7,7j;;;
B 5;YIN;Reazem superior cutit: 28x21x22;mec;NG08-02-03;buc;6;11;;;
E10;YIN;Reductor axa X;mec;VRSF-PB-15D-750;buc;1;SHIMPO;;;
E10;YIN;Reductor axa X rupt;mec;VRSF-PB-S9C-T1;buc;1;SHIMPO;;;
F10;YIN;Reductor axa Y;mec;VRSF-PB-S9C-200;buc;3;SHIMPO;;;
E10;YIN;Reductor axa Y cutter J;mec;VRSF-PB-15E-1500;buc;1;SHIMPO;;;
C 8;YIN;Releu c-da drill/ascutire;electric;G2R-2-SND(S) (24v dc);buc;19;OMRON;;;
C 8;YIN;Releu c-da drill/ascutire;electric;G2R-1- (SND) 24v dc;buc;4;OMRON;;;
C 8;YIN;Releu c-da masa spanuit(aer);electric;MY2N-J (24v dc);buc;3;OMRON;;;
D 8;YIN;Roata curea antivibratie;mec;ϕ31  5M.15 Z20 B7;buc;1;;;;
D 8;YIN;Roata curea antivibratie;mec;ϕ48;buc;6;;;;
B 8;YIN;Roata curea axa X;mec;ϕ100;buc;1;;;;
B 8;YIN;Roata curea axa X antrenare motor;mec;ϕ100;buc;1;;;;
B 8;YIN;Roata curea axa Y;mec;ϕ85;buc;1;;;;
B 8;YIN;Roata curea axa Y;mec;ϕ90;buc;1;;;;
B 8;YIN;Roata curea axa Y;mec;ϕ62;buc;1;;;;
B 8;YIN;Roata curea axa Y;mec;ϕ52;buc;1;;;;
D 8;YIN;Roata curea motor axa C;mec;ϕ33;buc;1;;;;
B 8;YIN;Roata dintata;mec;30 dinti/ϕ63;buc;2;;;;
B 8;YIN;Roata inversor curea ascutire;mec;;buc;2;;;;
B 9;YIN;Robinet cilindru pneumatic;mec;ARJ1020F-M5-04;buc;6;furtun ϕ4;;;
B 9;YIN;Robinet cilindru pneumatic;mec;AS1201F-M5-04A;buc;12;;;;
B 9;YIN;Robinet cilindru pneumatic (reglare ascutire);mec;ARJ002CF;buc;10;furtun ϕ4;;;
B 9;YIN;Robinet droser cilindru pneumatic;mec;;buc;1;furtun ϕ4;;;
B 9;YIN;Robinet droser cilindru pneumatic furtun 6;mec;;buc;1;furtun ϕ6;;;
A 3;YIN;Rulment;mec;LM10 U;buc;38;;;;
A 3;YIN;Rulment;mec;LM10 UU;buc;20;;;;
A 3;YIN;Rulment;mec;LM8 UU;buc;10;;;;
B 3;YIN;Rulment;mec;61902  ZZ;buc;2;rulment reductor punte laser;;;
B 3;YIN;Rulment;mec;604 ZZ;buc;212;;;;
B 3;YIN;Rulment;mec;6800 RS;buc;51;;;;
B 3;YIN;Rulment;mec;688 ZZ;buc;0;;;;
B 3;YIN;Rulment;mec;698 ZZ;buc;30;;;;
B 3;YIN;Rulment;mec;6003 ZZ;buc;6;;;;
B 3;YIN;Rulment;mec;6203 ZZ;buc;9;;;;
B 3;YIN;Rulment;mec;6002 ZZ;buc;6;;;;
B 3;YIN;Rulment;mec;6300 ZZ;buc;1;;;;
B 3;YIN;Rulment;mec;61900   2RS;buc;1;;;;
B 3;YIN;Rulment;mec;6902 2RS;buc;2;;;;
B 3;YIN;Rulment;mec;6204 2RS;buc;8;;;;
C 3;YIN;Rulment;mec;6900 ZZ;buc;87;;;;
C 3;YIN;Rulment;mec;6901  ZZ;buc;159;;;;
C 5;YIN;Rulment liniar;mec;EGH20CAC;buc;17;HIWIN;;;
C 5;YIN;Rulment liniar;mec;EGH15SAC;buc;12;HIWIN;;;
D 4;YIN;Rulment piesa Al ϕ 32;mec;6201 ZZ;buc;7;;;;
D 4;YIN;Rulment piesa Al ϕ 35;mec;6202 ZZ;buc;4;;;;
C 5;YIN;Rulment presiune piesa alunecare;mec;ϕ12;buc;3;5, 7, 7J;;;
A 5;YIN;Rulmenti cu ace piesa titan;mec;;buc;49;;;;
D 8;YIN;Sector zimtat mecanism blocare placa;mec;CH08-03-30;buc;4;;;;
A 6;YIN;Sensor axa X;electric;TL-W5MC2;buc;1;OMRON;;;
A 6;YIN;Sensor axa X;electric;TL-W5MC1;buc;3;OMRON;;;
A 6;YIN;Sensor axa Y;electric;GXL-8FU-(I);buc;8;SUNX normal open;;;
A 6;YIN;Sensor axa Y;electric;GXL-8FU-B;buc;3;SUNX normal close;;;
A 6;YIN;Sensor origine platou (theta);electric;E2E-CR8C1;buc;5;OMRON;;;
A 6;YIN;Sensor pinion conveior;electric;E2E-X5ME1-Z;buc;3;OMRON;;;
A 6;YIN;Sensor piston coborire platou;electric;D-C73;buc;16;;;;
A 6;YIN;Sensor piston drill;electric;SMC D-A93;buc;13;;;;
A 6;YIN;Sensor preorigine X;electric;TL-W5MC15;buc;7;OMRON;;;
B 9;YIN;Sensor presiune;electric;IS1000E-202Y;buc;1;SMC;;;
C 9;YIN;Sensor safety;electric;EQ34;buc;4;Panasonic;;;
C 9;YIN;Sensor safety;electric;E3FA-RN12;buc;4;Omron;;;
E 8;YIN;Servo pack;electric;SGDM-02ADA;buc;1;YASKAWA;;;
E 9;YIN;Servo pack;electric;SGDM-04ADA;buc;1;YASKAWA;;;
E 9;YIN;Servo pack;electric;SGDM-01ADA;buc;1;YASKAWA;;;
G 9;YIN;Servo pack;electric;SGDM-05ADA;buc;1;YASKAWA;;;
F 9;YIN;Servo pack;electric;SGD7S-5R5A00A;buc;1;YASKAWA;;;
G10;YIN;Servo pack;electric;SGDM-15ADA-V;buc;1;YASKAWA;;;
A10;YIN;Servomotor;electric;SGMJV-08ADE6S;buc;2;1 YASKAWA;;;
C10;YIN;Servomotor;electric;R88M-G75030H-S2-Z;buc;1;OMRON axa Y cutter;;;
B10;YIN;Servomotor;electric;SGMJV-02ADD6S;buc;1;YASKAWA;;;
A10;YIN;Servomotor;electric;SGM7J-08AFC6S;buc;2;YASKAWA;;;
D10;YIN;Servomotor;electric;SGMPH-15AAA41;buc;1;YASKAWA folosit;;;
A10;YIN;Servomotor;electric;SGDM-08ADE6S;buc;1;YASKAWA;;;
B10;YIN;Servomotor;electric;R88M-G2003-S2-Z;buc;2;OMRON axa Y cutter;;;
B10;YIN;Servomotor;electric;SGMJV-01ADE-6S;buc;3;YASKAWA;;;
B10;YIN;Servomotor;electric;SGMM-01ADC-6S;buc;1;YASKAWA;;;
D10;YIN;Servomotor;electric;R88M-G1K530H-S2-Z;buc;1;OMRON;;;
A10;YIN;Servomotor folosit;electric;SGMJV-08ADE6S;buc;1;1 YASKAWA - folosit;;;
F 9;YIN;Servopack;electric;SGD7S-R90A002;buc;1;YASKAWA;;;
D 3;YIN;Siguranta automata cu contact auxiliar;electric;iC60N C 6A;buc;4;Schneider;;;
D 3;YIN;Siguranta fi10  1A;electric;1 Amp;buc;3;;;;
D 3;YIN;Siguranta fi10  3A;electric;2 Amp;buc;4;;;;
A 5;YIN;Siguranta manivela titan;mec;;buc;11;;;;
D 4;YIN;Siguranta manivela titan;mec;;buc;11;;;;
D 4;YIN;Siguranta piesa Al cap;mec;ϕ 34;buc;29;;;;
B 9;YIN;Soc absorber;mec;FA-0805SB1-S;buc;6;;;;
B 8;YIN;Suport rulment sprijinire cutit;mec;60x70x20;buc;1;;;;
B 8;YIN;Suport rulment sprijinire cutit;mec;45x50x20;buc;3;;;;
C 2;YIN;Sursa 48 V;electric;;buc;1;;;;
D 8;YIN;Surub excentric lant recuperator vacuum;mec;;buc;3;;;;
A 5;YIN;Surub rulmenti ax interior titan;mec;;buc;14;;;;
D 8;YIN;Sustinere piesa culisanta titan;mec;CH08-01-11;buc;1;;;;
B 9;YIN;Tampon - Stopper Bolt;mec;;buc;7;;;;
B 2;YIN;Tija cremaliera, sistem blocare placa presare;mec;245 x  fi  10;buc;2;;;;
B 2;YIN;Tija cremaliera, sistem blocare placa presare;mec;214  x fi 10;buc;1;;;;
B 2;YIN;Tija fi 10 mm;mec;lung 525;buc;1;;;;
B 2;YIN;Tija fi 10 mm;mec;lung 365;buc;6;;;;
B 2;YIN;Tija fi 8 mm;mec;lung 245;buc;3;;;;
B 2;YIN;Tija fi 8 mm;mec;lung 215;buc;2;;;;
B 2;YIN;Tija placa presare  - cutter 11  fi16;mec;;buc;3;;;;
B 2;YIN;Tija placa presare  - cutter 7J  fi16;mec;;buc;2;;;;
B 5;YIN;Tija rasucita;mec;120 mm;buc;12;5 cm;;;
B 5;YIN;Tija rasucita;mec;140 mm /1.6 latime;buc;8;7cm;;;
B 5;YIN;Tija rasucita;mec;140 mm /2 latime;buc;12;7J;;;
B 5;YIN;Tija rasucita;mec;178 mm;buc;8;11 cm;;;
B 5;YIN;Tija rasucita gresite;mec;140 mm /1.6 latime;buc;4;7cm;;;
A 1;YIN;Tija valva reducere vacumare;mec;;buc;3;;;;
;YIN;Ventilator 24V dc racire cap;electric;ϕ80;buc;1;;;;
D 7;YIn;Vortex tub si accesorii;mec;EXAIR 250 PSI;buc;1;;;;
;Diverse;Mufe alimentare 220 V cu 2 pini;electric;;buc;47;;;;
;Diverse;Cablu SATA3;electric;;buc;10;;;;
;Diverse;Cablu SATA2;electric;;buc;4;;;;
;Diverse;Cablu USB A -USB A;electric;;buc;1;;;;
;Diverse;Cablu prelungitor USB 100 mm;electric;;buc;1;;;;
;Diverse;Cablu adaptor USB B - micro USB;electric;;buc;1;;;;
;Diverse;Cablu Audio;electric;;buc;0;;;;
;Diverse;Cablu retea RJ45 1 m;electric;;buc;1;;;;
;Diverse;Cablu USB 2.0 A -male 0.7 m;electric;;buc;1;;;;
;Diverse;USB 2.0 slot bracket x2;electric;;buc;2;;;;
;Diverse;Cablu VGA 5m;electric;5 ml;buc;1;;;;
;Diverse;Cablu VGA 1.2 m;electric;1.2 ml;buc;5;;;;
;Diverse;Cablu Serial RS232  3 m;electric;3 ml;buc;5;;;;
;Diverse;Cablu USB 1.8 m;electric;1.8 ml;buc;3;;;;